"tamaramorrison@hotmail.com","Gary","Cross","711 Golden Overpass
West Andreaville, MA 71317","0","pbkdf2:sha256:260000$1uDUNHKD1rHJmfHR$8999d273d8b3a15e4cf719baaec2b2d5cebd61f8b0a656913220d4e9a2d8fe50"
"martha10@hotmail.com","Denise","Thornton","30989 Anthony Roads
New Maria, MO 12498","0","pbkdf2:sha256:260000$pcQaebFBBwBL0ovN$2f97bc5f8b8a1dd2cfe64118b79533679538ba53a284246a916fede3d04ca191"
"deborah64@gmail.com","Jeanne","Green","22584 Candice Mills
North Thomas, OK 67164","0","pbkdf2:sha256:260000$oSEBibgWxxQal5zn$7772fa3f9946f1c2a003c74b9402c301af640d33530530b9293fd312846a7425"
"franklinjames@yahoo.com","John","Hoffman","63812 Richard Springs Suite 503
Lake Karenhaven, CT 25464","0","pbkdf2:sha256:260000$8KGLNuEsKvDMvcOM$e578ebe4edc9fc5727eca1efa1412ed72ee1146d63ee3b7a9644bdebee314c06"
"samanthasims@yahoo.com","Timothy","Parker","87755 Timothy Squares
Simmonsport, WA 90561","0","pbkdf2:sha256:260000$oXTPd1IfaGIwstIP$37817dd318ec22df4596811393da7902b3255f3626e36103cbc10c512dd5218a"
"taguilar@hotmail.com","Linda","Freeman","577 Amy Forges Apt. 555
New Eddieview, WY 20935","0","pbkdf2:sha256:260000$0ORERsPH0QWXthVy$1c7541931a13777cebbc6b1ecb4e5c8195b63c005f908db568e9d987420f32af"
"georgedavid@yahoo.com","Sandra","Brown","256 Cheryl Lights
Williamsfort, FL 03152","0","pbkdf2:sha256:260000$VJ0BvfsFc85zh9cp$4987179378ebd622ee15a3113fe95a68a4a4b99ab10868e713ed669214ebe1d0"
"chad50@yahoo.com","Paula","Wilkerson","16116 Jessica Burgs Suite 660
Calhounmouth, KS 10795","0","pbkdf2:sha256:260000$IFvqwE9l1iWFkgSC$8c063326ef6969055376c3d6a13ec8a549e9eb6b2af70f5319e3f3715e6c89ec"
"jyang@hotmail.com","Willie","Garcia","332 Watson Shore Apt. 290
Millerland, MT 39742","0","pbkdf2:sha256:260000$JsHIL0MDo7GCLzvC$2e93bdd7bf4050665bdeb589bc6fbecf85e0bc9b3c88011c7ef7b1279fb66890"
"bramirez@gmail.com","Michael","Montgomery","Unit 4892 Box 6717
DPO AE 71770","0","pbkdf2:sha256:260000$9lcNYBIcsli4jbvQ$d22c318916eb741880e87e83a7ca17e7de501d97a13b80008156161a826790b3"
"kellypeter@gmail.com","Melissa","James","637 Neal Island Suite 074
Lake Tyler, RI 28775","0","pbkdf2:sha256:260000$gLfOjCNDg4ePKk80$dc44d2612fe873f214bcd64f233abf7cac20c605dac59e211a459eb6687f2871"
"tarasanders@gmail.com","Lisa","Bush","774 Lewis Grove Apt. 002
Adamtown, CA 56566","0","pbkdf2:sha256:260000$Z2YFS1q5zo2dy3Nj$44e8e90f86be6f4d6733aa4534659d681a7f1c17570050edf6299630cf4c7279"
"virginia18@yahoo.com","Bruce","Miller","9168 Williams Falls
South Jeffrey, KY 46651","0","pbkdf2:sha256:260000$SkWVIXDRIaIPsevo$d87933ebac5807865c615aa96c3746b3fa59aaf2495b21b22a8c0ad0a9089f5f"
"jensenanthony@hotmail.com","Mark","Burnett","37933 Lisa Trace
Gomezshire, SC 65835","0","pbkdf2:sha256:260000$B0tkgiSFySitO7mx$5d362d2ff32962dd4156368d4c5729c83924a9fba81830891f9ed1b7eacd96ac"
"kmalone@gmail.com","Courtney","Valdez","76254 Debra Stream
Reyeschester, KS 70454","0","pbkdf2:sha256:260000$SVAsOka51ZszMjzL$292dbb8799608e4588edaa5c9d2ce13182a2e7e9a62fe965d9b24948158f935d"
"kingerin@hotmail.com","Henry","Moss","48487 Kendra Ports Suite 076
South Michaelton, KY 97488","0","pbkdf2:sha256:260000$0PquVksGyzsfCJKF$048c0a01ebe78243207f9dc6de338aa0d238b47c288eac9562a33d7ad74d367f"
"meganbrady@gmail.com","Amy","Fowler","4440 Osborne Viaduct Suite 488
Veronicaborough, WY 57084","0","pbkdf2:sha256:260000$HOrdAbu3SIo2ib7i$ea56fa3e4b6639a746cd05b7763c59e354949c0672b16e06eb564c773ed9d5d5"
"kgomez@gmail.com","Tammy","Reilly","514 Travis Track Suite 366
Rowefurt, AZ 76875","0","pbkdf2:sha256:260000$YhjcyvNV3FvPtnZv$0bce3db114e0af09c0d1a1ec4ba6a35177c130f3ddee33cfb475ab6db4548735"
"thomaspeters@hotmail.com","Robin","Harris","78209 Darlene Bypass Suite 137
Port Stephen, VT 44235","0","pbkdf2:sha256:260000$WKgsZKYrdGUL6rVQ$6fe2cf235d99a39293178e0f957af2759293d0b5b67a6f5de5de3aebda06db23"
"susan06@yahoo.com","Jared","Vaughn","1086 Johnson Path Apt. 155
South Tammyberg, NC 82490","0","pbkdf2:sha256:260000$Bhq94PlsazNRZzvu$dd4a1c9432a28bc1f28b5b4fe5abbf7ac4821fdcc60c18f679eab5b9f0450074"
"william86@gmail.com","Lauren","Mcdaniel","01992 Emily Light
South Samuelmouth, IA 18566","0","pbkdf2:sha256:260000$oEhQANENGBeOJBny$8ab8f5614336dbb1e3ae7790f2829675ef6ddb2ba4d2fed39bff2e56f15eb35a"
"michaelanderson@hotmail.com","Brian","Richardson","42954 Walters Highway
Johnsonchester, MS 95905","0","pbkdf2:sha256:260000$MLO0kFRRYnGdinFx$aaca342780517e5c1c51ceff484b8480f4416cb50c61e1ba19b3da252e5d8cf6"
"deleonwilliam@gmail.com","Maria","Harris","01575 Erica Land
Elizabethbury, OH 72804","0","pbkdf2:sha256:260000$JBjt8dUfnz9qudSY$7b7b68fb352e603c26e7c136209b756f789947a7af2610d3a149e9813197d340"
"joshua07@yahoo.com","Heather","Davis","68971 Hansen Well
Moniquetown, IN 65740","0","pbkdf2:sha256:260000$xeuQZ7yPYhEvxvN1$422a8d05909746654f5e86956d85c37f0898cb67738a6962f7f13818273792fd"
"leonardsutton@gmail.com","Patrick","Spears","Unit 7879 Box 9368
DPO AA 64290","0","pbkdf2:sha256:260000$K9meQlvDM4Q1Y8ij$345191608391edf763b9bbda291c57d6c5d54e89878dbc1838685888d77a47d0"
"hromero@hotmail.com","Debra","Aguilar","1140 Christine Shoals
South Jamie, MD 26932","0","pbkdf2:sha256:260000$JdgrXlk2fYsd0fdq$4ddb7b29ba4a5d8901dac296d8a116fce2f5fa461a5d03b001a34f6c39fc62a5"
"angela30@gmail.com","Cody","Crawford","835 April Plains Suite 297
New Scott, NM 79664","0","pbkdf2:sha256:260000$HC2kzYKsvV8qRhRO$19907cda455a0ebf4e3ac1df6628ae1b5387a65e412164447fc8163ec4d5537a"
"ygraham@hotmail.com","Cynthia","Faulkner","1974 Patrick Summit Suite 394
North Ericshire, NM 08797","0","pbkdf2:sha256:260000$GWj1Y1uStMO0GmT4$8d2dc4c828693f44334f1db6bbfc8e499f73c88ee668a4723bc45de8109f06dc"
"millerlori@yahoo.com","Kelly","Casey","3975 Joseph Keys
East Steven, DC 36784","0","pbkdf2:sha256:260000$5vnQMGWlU1GE3dV4$0732b538813daba4e0424b685422a7d20721e695118f8198cab43a8a67a34b86"
"pmartinez@yahoo.com","Thomas","Patel","76031 Garcia Falls
South Alexis, MN 69377","0","pbkdf2:sha256:260000$qBLG3v6GP3Nhg7Ul$df20e4105e5fb625206733b0438b6f5febe247a09772a8d294d15e94c52116a7"
"stafforderic@gmail.com","Johnny","Martinez","PSC 0367, Box 4656
APO AA 95684","0","pbkdf2:sha256:260000$OCiLMa79cmwBGl05$ded27c9d00a9a971642c070b1433c1254f6aaa93f505809919bb4d01a6da153b"
"smithsabrina@gmail.com","David","Turner","39140 Sheila Ferry
Lake Michael, KY 01682","0","pbkdf2:sha256:260000$UACgPVWrwHbI8uMf$b2d1b84de93c988d13bbcbfafe2c8fa3d736d60445e1ff78a4313df554c07ef6"
"rmiranda@hotmail.com","Evelyn","Hendricks","7954 Stephen Throughway Apt. 184
Franklinchester, GA 80124","0","pbkdf2:sha256:260000$u7W4g98fGZ8NEsAr$0cad494cb3a3ee35e15b830ebe9e8545c0942239011b8caf723896072e4eeb1d"
"millersamuel@yahoo.com","Paula","Walter","0525 Christopher Fords
Shannonfort, ND 69503","0","pbkdf2:sha256:260000$NbI0H4sDPWMeHs1A$194011b6e5057bedf40a2f97b382a553e6a8192bc280d7dd3e09e10001b0beb6"
"cherylstewart@yahoo.com","Derrick","Webb","520 Fox Expressway Suite 497
North Jasmine, PA 88434","0","pbkdf2:sha256:260000$dSOrr8BugMrocvEn$ced1af91f5d6bb11ba92d6b1115e8dc401c7225ae3b3b9aff63e736234ce9c43"
"santanajimmy@gmail.com","Patrick","Graves","49874 Farrell Orchard Suite 311
New Veronicashire, MA 96567","0","pbkdf2:sha256:260000$3kaUgiKikUvbhUV4$a8a43ef97be715ed0d97c5663bcac7ecaf5e655d1b167a1b63f6698cc89bfcd0"
"stephenbeck@yahoo.com","Leah","Bell","94930 Madison Streets Apt. 622
Ryanhaven, IN 88294","0","pbkdf2:sha256:260000$aMJyFwInQJGumhBx$c9690b1256406f9a4045872792b2139dc5ba2ef9234ad102a9ada3ddaab9ce48"
"palmercassandra@hotmail.com","Dalton","Fritz","33319 Russell Village
New James, CO 25596","0","pbkdf2:sha256:260000$eoh9u9TCZJkfqJw3$1cd803fcb7f44bb0a29cb056b330f7eabb3a501c11242e32fbf79bb3feb2f40d"
"alisongreer@yahoo.com","Madeline","Stevenson","3348 Curtis Street
Fosterberg, CA 38222","0","pbkdf2:sha256:260000$I09fJbv3389y3e0h$a7f5cb4d40ec1e36d96c2ccc7f4374530db85d19a5cc2ac1a1240095958e056e"
"jasondavis@hotmail.com","Valerie","Charles","496 Jeanette Divide Suite 055
Danafurt, AK 39361","0","pbkdf2:sha256:260000$BYcQI51J1rhTeZLP$0367ad52c0cd1ca0ded41f68e41fe368aa2762b0090b4bdd2780f9ce0012ea18"
"markchan@gmail.com","James","Scott","742 Jared Green
Lake Anthonyport, RI 94947","0","pbkdf2:sha256:260000$GrUZnwDPllXfOXX6$4f2654361c7fcc57a4aeda9326f41c39357c6854e6bc4b1a64087344af7a1216"
"castroallen@gmail.com","Jennifer","Garcia","18940 Samantha Creek Apt. 722
Scottburgh, VT 75335","0","pbkdf2:sha256:260000$zO3NlTnn5pi1KSlM$717a504f9ece96f3b5665a68cb480a916cab6b45e1181b197d34525805520e9a"
"caleb01@yahoo.com","Keith","Jones","431 Johnson Neck Suite 039
Mariechester, VT 67849","0","pbkdf2:sha256:260000$6uPFr3CBnSAOwR8T$9c81e8511e0c8454a33be3bd9240092c2cd76017be7b1c456009904bfe7a6ae8"
"guerrerothomas@hotmail.com","Lori","Moore","20866 Keith Mill
Susanton, NJ 21190","0","pbkdf2:sha256:260000$FYTp5qu98j6x7odM$2bda03461aac33c22f753bb8eb7d4f5bd569e769d2e6f344106445beff7955a7"
"allison58@hotmail.com","Ariel","Freeman","125 Dixon Common
Lake Natashabury, VA 50064","0","pbkdf2:sha256:260000$valmk9PJ8lgY5eV5$d287b3f9bb11063c60b7f99e7331fb66368daf24e1c844fd7bef64f2bddad7b8"
"jeremy24@yahoo.com","Randy","Bernard","0684 Samantha Cape
Jennifermouth, MT 01521","0","pbkdf2:sha256:260000$FX9DAtc07OWgjZXC$56f6441f1160e31b9e41b5c1104bec0b1506be7921ef48b637c4c3d6d966429f"
"johnny46@hotmail.com","Timothy","Kerr","2648 Flores Stream
Henryville, PA 41804","0","pbkdf2:sha256:260000$g2waU1Bgun91BUty$41829e1767d4c4b060a58d392b2707bd9cac5746a16b32186fb04d72d586392b"
"james07@yahoo.com","William","Crawford","5830 Nielsen Greens Suite 891
Patriciahaven, FL 08869","0","pbkdf2:sha256:260000$lhPDStXpDET4Xd05$f0aac2a58f7b3c74941603346e8c942d83c8085aebcbc28a68d08ff9bb4dad28"
"marquezpaula@hotmail.com","Jonathan","Davis","45116 Blake Inlet Suite 034
East Melanie, NJ 32055","0","pbkdf2:sha256:260000$9aOxsTENCqBUHjxU$a2c425b57e8a44d2bc2cbbeed9ddaa89f30c14ee1e1b93a12bdc32153031ca89"
"josephmason@hotmail.com","Kathryn","Noble","15233 Keller Wall Suite 978
Kimtown, TX 81993","0","pbkdf2:sha256:260000$5q3DdhF7TbMVfEIv$5e55bf8abb704b5416b53632b3885c809f396c359f8d6c28caf25c6f4761a782"
"richard56@yahoo.com","Daniel","Cortez","31925 Ware Trail Suite 586
Riveraview, ME 58653","0","pbkdf2:sha256:260000$vlfuumQHYfEdYV8R$24f47f1aeebae690d9ac860a2b863d945f3d48d0b3d955ce17c819870d7cf4c3"
"fosterbryan@yahoo.com","Kenneth","Boyd","61322 Hill Springs
Garymouth, CT 99406","0","pbkdf2:sha256:260000$qCOZguvEAam4dGJS$55ee5b8220fee6a14d9f395529a2c8f81738c68d786ab63ab7024283c19f937d"
"anthonyvincent@yahoo.com","Renee","Moore","5285 Lisa Course
North James, VT 86261","0","pbkdf2:sha256:260000$pgpfwwPnUiFL3ayH$1d7de5cb566813d10f003f354c38cd13572ed4d02426519fef55bf73aed0dce4"
"sawyersamuel@yahoo.com","Alyssa","Farley","938 Jason Summit
Gallowayville, GA 21419","0","pbkdf2:sha256:260000$i4Kb76grZ26uGSv1$349e14859021ad779ab257369d18ff8e54ea57f072a6b7d91e8b3ab0c9eaa594"
"gstone@yahoo.com","Alexis","Williams","810 Ralph Via
Georgefurt, TN 42292","0","pbkdf2:sha256:260000$scV7cxnSwz8FsVUB$9602fef68d54d8d79cb2eca23c019fdfe376c2422a607101c543782d6012b810"
"kevinflores@gmail.com","Jasmine","Castro","983 William Oval
New Jessica, DE 20592","0","pbkdf2:sha256:260000$S7zkweoMfZJL1vsw$af6300ecd2924f87f799fb8bb830a2aa37458c4f33a5b7bba2fabeada5436db5"
"gordon43@hotmail.com","Joseph","Williams","411 Craig Knoll
East Lauren, VA 97386","0","pbkdf2:sha256:260000$47zpsJtIL7NGE298$ff9a40f99617ef8906215e1c35202e32f1fbb21bd219b220984a02e90bc926d7"
"kennethwashington@gmail.com","Jennifer","Marsh","41694 Ashlee Lodge Suite 853
East Denise, DE 70663","0","pbkdf2:sha256:260000$zgXEarue84PIqVnU$9a9327eef21594ff5b7d66e364f9afce12cba83e870d6d961b6be8d8bced9549"
"hamiltonchristopher@gmail.com","Anne","Michael","535 Rowland Stravenue Suite 306
Richardtown, DE 41691","0","pbkdf2:sha256:260000$h6qu8Fax76Fm4Cz3$db767b03432628530a6bb06485f4b2cbbb1f0fd957a8baf1655491fba6a92245"
"nsmith@hotmail.com","Joshua","Duke","23312 Bob Points
New Marychester, SD 59471","0","pbkdf2:sha256:260000$AGLzz16aA4nsaG8J$e3f8d6327dedd168c33c7ca24f53c6111ee39506447c1b29d5792ac98647603c"
"jennaarnold@yahoo.com","Susan","Turner","5099 Rodriguez Square Apt. 267
Lisaview, TX 98607","0","pbkdf2:sha256:260000$vBFCHYxFQuRasxUH$e1193b87388125ce706546ddb9fa588fd1ba7c793f32d255aac25ada04b55c9f"
"scottzimmerman@hotmail.com","Julie","Dominguez","46894 Matthew Prairie
Josephbury, WA 68649","0","pbkdf2:sha256:260000$3LcJZrkHVlm1Ejzm$e10d0cf6e02f8d0415da9a4906bed8f6c3bda3ac7ab1e77791767f9e8d3fb2d5"
"bonnie89@gmail.com","Dwayne","Osborne","1955 Robert Lake Suite 238
New Dennis, NY 15122","0","pbkdf2:sha256:260000$7IA89tVnGRT03xkO$894cbe0e25b57b160e2bd4cbd1bdb139a7f6a4890fe9f527b8467563f9a24aad"
"cindy30@gmail.com","Antonio","Thompson","24075 Lin Pass Apt. 490
Dominguezview, MN 02536","0","pbkdf2:sha256:260000$GM84FBp0Az7v8tBg$3b66c93fd4301bde2981cc76cc09bca3973ad806b210e24a7cce3d6967f5b54c"
"qhenderson@gmail.com","Yolanda","King","64598 Jefferson Point Apt. 056
Nortonshire, IN 16140","0","pbkdf2:sha256:260000$9mkRec0dwWbKSfTr$2b082bfcf3cef8039b7bdc2d50838917a685ed6f8c91f9e33284e074958e5b3e"
"nancyturner@hotmail.com","Richard","Woodward","8379 Ashlee Port Apt. 461
North Markville, LA 13324","0","pbkdf2:sha256:260000$0g61hkItHntTdFj7$86cd3cc435ffb1738ff222f5fd263c8b4c573a1fa93b68266733d39fca5c4bad"
"bradley51@hotmail.com","Jeremy","Costa","60980 Brian Road Suite 750
Rodriguezview, WA 06223","0","pbkdf2:sha256:260000$JS5FVk6tymx9YN3P$651ad475a7eb6bf5f788ae31149bf047c8cdca79da3777c6379ff5247cc073ce"
"matthewpetersen@hotmail.com","Robert","Dunn","46977 Rivera Route
Port Caleb, ND 66244","0","pbkdf2:sha256:260000$BUlNQzxIlLY16R7E$a3de6c9b2c2c7cb25c61850a0cc5249d78c5c9dc5d63b647fad75f464a1b320f"
"uhill@hotmail.com","Tonya","Andersen","473 Joseph River
East Dennis, VT 04136","0","pbkdf2:sha256:260000$I6mokox99h1gvmvo$645be95278b5e4e644b5f61ab3281e1ecbc2e2084b9d8d793fd4f0c3cd3036b6"
"lisa79@yahoo.com","Stephen","Bernard","2082 Russell Station Apt. 498
North Jerryshire, TN 99461","0","pbkdf2:sha256:260000$8J5BvtiuPDXI4RwE$212677f95dd856c982b3ff0084be684cbc6487cbccf8acc9f098467061c3757a"
"richardsonjerry@yahoo.com","Amanda","Gonzalez","2039 Wall Mission Suite 006
Piercetown, GA 89103","0","pbkdf2:sha256:260000$EgnG28EmhIp0aIVw$72650fa303f0496086b425ad522b01a0f7be04cc5be95835290976c1c154f615"
"jmcmahon@gmail.com","Jimmy","Walker","4101 Savage Park
South Lorraine, VA 53629","0","pbkdf2:sha256:260000$RnTJjZ08xMaD0E0i$3c04759d4388b3848daea477659f8c5fbaa60659d783d7c155799a6e0c3fe820"
"wrightkaylee@hotmail.com","Austin","Holland","08987 Ramirez Avenue
Bellchester, UT 04795","0","pbkdf2:sha256:260000$UoW9mkPlx1g9NkBK$c5abf2505aa4a4c8639e4d2cff589856afca8232864daf83095643bc252187bc"
"danielbernard@gmail.com","Molly","Fuller","848 Eric Knoll
North Justinchester, KS 69953","0","pbkdf2:sha256:260000$jydBOlCKIvnxiVc1$2c3ebe4518d262a998cd02cbab252f1a2244464ebe44d94841ddfcf9c5c23024"
"wbrown@gmail.com","Doris","Kaiser","16581 Gregory River
Port Angela, VT 66142","0","pbkdf2:sha256:260000$VHc09rSv3KhFzLSu$4fa94f635b2f3948a2eeda440eee45848291232ad62b060b45a4fb994cf169a3"
"ofernandez@yahoo.com","Tyler","Curtis","57654 Ponce Meadow
South Erica, NH 18794","0","pbkdf2:sha256:260000$GRmxTb9u6txiaOt9$15817d6c0bd0be1b727252806ab305f2d36b1fadf3640e70e8c5b32a439b4dcb"
"conradthomas@yahoo.com","Angela","Tucker","62799 Armstrong Avenue Apt. 932
South Tonya, ID 01948","0","pbkdf2:sha256:260000$0AIfAChhq8Z5UrMl$b351f39fb80653eb17e7d0e54f44f6014633bd2fe6d7b6d9851a43a2266041c7"
"savannahsoto@hotmail.com","Robert","Gould","5565 Powers Avenue Apt. 753
West Alexanderchester, OR 56221","0","pbkdf2:sha256:260000$wSabvonj1YJ5UJrI$1de284f070732f54dd60603e892aee67a4991a37ade50599a892628abbc1b1b3"
"debra49@yahoo.com","Cody","Morris","46670 Orozco Walks Suite 505
Diazmouth, CA 12755","0","pbkdf2:sha256:260000$9KAABo9MLTN5UmQS$710beb61981eff8d0b658219a0eaa6d5facb5639e5f4dd5ea1cc9e95a98bfdc2"
"edward63@gmail.com","Valerie","Jacobs","2337 Tina Trafficway
Lisaborough, OK 94452","0","pbkdf2:sha256:260000$7PC1lE5dMuctlxE3$1956fb923e19b522eb927ed8ee06c282cb7860246d6da40a500b1e67c948936a"
"deborah77@gmail.com","Deanna","Holt","189 Johnson Flats Suite 066
North Tiffany, MA 54902","0","pbkdf2:sha256:260000$CVNgc2hggfa2Cx8Q$e06a1934f0d8896f6d0ee99615a6878304199138a01bee2b9cba19dc9a1cd30c"
"opoole@hotmail.com","Larry","Palmer","58718 Camacho Cove Suite 092
Elizabethburgh, NJ 29866","0","pbkdf2:sha256:260000$4zlfGSKoXyl8ZOZg$f949d0e68e2206a039ae9508150364eea4e89a24754500152b7ffb7de6d14286"
"dwells@hotmail.com","Kristina","Higgins","824 Roberson Port Apt. 542
Martinborough, DC 98148","0","pbkdf2:sha256:260000$ldHZKXap8dGQObxq$c1a5533ff268eae94f6cb00bd6609ade5340d2a56b613cdaff4b5d1cf7945ff7"
"qstephenson@hotmail.com","Shawn","Matthews","46432 Gina Route
West Johnny, CT 19932","0","pbkdf2:sha256:260000$gRfkGNGSDgPwmQN3$503e2c3ffc0e2689879cdeabc7ed102b218a114e6722329c841ea6858ca1e39f"
"jeffreysmith@gmail.com","Samantha","Parrish","USCGC Blackburn
FPO AA 75632","0","pbkdf2:sha256:260000$gXzNci59VYDZ6TJG$d0f23006f4bab2ba2e0e44efb14e43694debcbd459a462fd69c22652c0521726"
"marydaniel@yahoo.com","Tonya","Jacobs","Unit 6430 Box 0927
DPO AP 20036","0","pbkdf2:sha256:260000$2Gswa9LKyYkJB3Vm$1c447c47c140583d65987643cd339ae42fbeac48abd2069ee7edae100af817b8"
"jerrybrooks@hotmail.com","John","Beck","304 Paul Mall
Douglasfurt, DC 54863","0","pbkdf2:sha256:260000$J7Vh9DCcNLGOMDOn$53664fac2dae13945594c20c6a6d3e86d8ef6ebb934bec62276ab25eda05021b"
"mcbridemary@gmail.com","Laurie","Underwood","229 Case Shoal Suite 948
Lake Jennifer, TX 47367","0","pbkdf2:sha256:260000$CcrCt01O1ltRG9HW$cdb60db7ed6677154a8a853237fa404d3026299f28d4efc5959109df239a70c9"
"ycolon@yahoo.com","Linda","Orozco","Unit 4616 Box 6533
DPO AE 79485","0","pbkdf2:sha256:260000$mkNvtR8w5gGbWXWJ$d78a702a79e1a0e1542fbb650c8d8834baa046ee720e289e2c97c3de3b41654f"
"michael74@yahoo.com","Kimberly","Park","1123 Ferguson Circle Suite 287
North John, PA 04644","0","pbkdf2:sha256:260000$1DWrrzbtvUs3FG5O$a2b818841b1e108db1a0a8c864b354598cdb7ee400f8f65a73ed9b08bd1f7885"
"dillonwest@yahoo.com","Cynthia","Lyons","9204 Ware Rapid
Lake Zachary, OH 28651","0","pbkdf2:sha256:260000$Osb9SNUXOVawSN5a$dcdb127968d695b78c7c3c71cb5ff6300ed1a3625c68db6aadda56ac721593e9"
"sarabender@hotmail.com","Daniel","Hall","USNS Cisneros
FPO AP 07096","0","pbkdf2:sha256:260000$qUgWSPZGTzCXHvyI$d06cbd068990d9247a3cc52447f73ff2953f0f2a75ed2add82997d3d7a53a097"
"jeremy83@hotmail.com","Spencer","Duncan","1604 Perry Island Suite 400
Cortezville, AZ 28041","0","pbkdf2:sha256:260000$uCvezOqe8D4F3VuG$82af5d6d3e0bbc73d7eb46401a00502c09e522b173845d5e229da53c01a095e5"
"jonathan73@yahoo.com","Cheryl","Acosta","9928 Leach Cove Apt. 182
Mooreton, IL 16060","0","pbkdf2:sha256:260000$ZX09kvnWktirT1Cg$88cae7d20643550bfd84056af75facb878abe12dc672801fde43986f983fd360"
"alexandramitchell@gmail.com","Matthew","DDS","2898 Scott Shoal
West Ryanchester, AL 65745","0","pbkdf2:sha256:260000$nMwwzZnzYkZDyZ89$5b8e1b254d83bb1b1f1ae6b12bb64d66bba0326289c313b3043cd988fbbbf43e"
"mathew17@hotmail.com","Angela","Peterson","134 Garrett Curve
Sarahview, AL 31826","0","pbkdf2:sha256:260000$YOnkJYSjniCUEmth$61e93f19bbf76f18d95770c5f13ec972d604a87476a637159fd0dd9b2c9f2270"
"pgriffin@yahoo.com","Adrienne","Friedman","09420 Ramos Walks Apt. 671
South Emilychester, KY 17264","0","pbkdf2:sha256:260000$btgrYoEvkP4z2dkf$f67928d596ee625a1b7e00c6549c175ee9a05c0cfcf59f1dcfba6004db48f98c"
"kennethwilliams@gmail.com","Donald","Thompson","145 Roberts Common Suite 347
East Lindseyville, MA 56035","0","pbkdf2:sha256:260000$x1XJ9dtsqv8pP9QS$48d4f8d5d4a7124a467d72ba32ed561471dc3fe5accbc1e2bbe1286c4c59850e"
"shawnharris@gmail.com","Bryan","Scott","03107 Kristopher Parkways
Jenniferchester, WI 32030","0","pbkdf2:sha256:260000$ib4hkxYqhXmDITrw$9e124a13e4c682667d7742f3f1d4e51432f5f9f33981a5f40da4dbdf5b639de9"
"danieltucker@hotmail.com","Jessica","Miller","99513 Thomas Port Apt. 838
Hutchinsonmouth, MN 33266","0","pbkdf2:sha256:260000$UU9Ai1fPO5VCLcCr$d6a397b287312365985fe259e37eaf651fca143ef3f6f45293d8c2f3c4222bd8"
