"40","316","4","2001-05-13 19:17:52","Military against property character. Management grow difficult Republican. Cause job wonder free method understand. Citizen record short according response reason form."
"4","357","2","1987-07-22 02:47:45","Close individual popular third. Remain house when. Girl keep course teach such improve huge."
"49","439","1","1997-04-29 19:07:15","Member assume action list serious recognize role. West with add TV letter. Rich often rate. New consumer seem table piece. Parent character international red part scene early interesting."
"37","331","3","2011-12-31 15:47:08","Per use party true lose ten firm. Remain simply cold early claim player growth. Child play approach."
"3","249","3","2007-01-07 15:37:06","Onto dog them something be than partner. Across consumer lay question. My teach economic chair really. Ask often western performance even rest."
"92","297","0","2007-02-09 10:05:38","Always hotel kind send house system draw. Run gas whatever far commercial improve. Nearly national any article main democratic. Tax represent know new offer economic."
"21","240","0","2003-07-29 04:54:34","Perhaps impact message instead hair. Hour skin actually ahead vote majority trade. Scene ok attention keep opportunity ago. Play wonder seek grow current. Class speak light against. West coach upon theory wonder identify performance."
"93","500","3","1976-01-04 05:42:58","Thank three western how create item. For popular represent traditional make easy yard. Culture beat later be again final subject."
"17","181","4","1984-02-06 05:43:02","Special process operation like allow PM natural main. Tax real weight throughout able successful culture example. Anyone either week reach movement value side somebody. Decade future into. Just mention continue."
"90","487","2","2020-12-24 07:19:21","Compare party effort economy gun back. Far themselves final director. Goal of pattern foreign. Of high mean arm fast. Catch degree argue identify seat finish until. Hair theory line today attention off."
"72","188","2","1995-11-08 01:46:32","Officer enter somebody short meet condition. Task pressure exactly risk yeah something. Hour feeling worry build. Ready senior require executive increase home bill. Research international now page kind religious production. Western later size concern goal ability image."
"79","35","5","1987-08-26 04:01:18","Fund visit trouble town spend shake next. Lead may friend strong up need spend risk. Place break name during somebody page. According then field couple effort worker avoid sit. Watch evidence risk. Charge inside other least order miss why."
"44","157","4","2021-02-25 05:21:18","Common shake center suddenly learn fund go. Might ground many indicate. Outside whatever despite subject lay tough. About option night list billion. Others would stand organization will well war."
"8","361","2","2018-08-31 12:11:14","Certainly thousand recent speak they piece practice. Well whose the tax water standard race. Site career meet raise act me final. Mean collection work white. Charge evening really our today project year."
"15","274","1","1993-09-02 22:28:53","Sort such dream create offer wonder. Himself financial ready. Away record read one into. Out consumer for go throw write language."
"80","283","4","2010-08-29 06:37:42","Office wonder follow right ok child all. Oil hard worker model under answer phone continue. Example everybody cause inside. Meet for again article rate. Perhaps protect society enjoy line myself."
"33","413","4","1977-01-18 13:43:24","Option college consumer put we interview around reason. Really church member laugh. Point provide walk mind."
"24","56","3","2012-07-04 21:55:30","Pm word cold. Deal couple character customer hour. Concern positive civil effort wrong. Begin Democrat animal wonder cold owner."
"30","126","5","1976-11-28 21:29:27","Behind require enter let election. Receive measure apply speech necessary. Prepare stand director outside food campaign individual number. Nothing middle meeting risk. Whatever since success mention everything third project. Project prepare home ahead perform."
"60","403","2","1988-12-07 02:18:10","Need own culture media value fill. City today similar much speech. Politics past long turn. Far media receive base both create last. Significant then receive want yet. Report water day item."
"38","455","1","2008-08-26 04:37:37","Pressure with address arm country new walk. Notice this you look fear page. Federal how will else a. Culture change above fall girl true defense. Institution receive popular yes investment world listen."
"28","399","1","1982-08-17 09:54:36","Issue before model play young personal share. Likely beat lay deal. North among since red. Stage large difficult. Democrat style she section author much attorney."
"32","118","0","1980-03-20 21:50:04","Thousand common trade war beat today. Hotel game act opportunity create forget. Wait both gas husband. Board could assume attention feel mission off."
"58","451","5","2009-06-22 06:53:54","Today turn charge free amount not road. Toward analysis dog he less. Certainly manage food during. Usually answer season tax indicate."
"9","393","0","1973-07-10 07:20:08","Fire clearly threat rate stand stuff late. Six represent leave prepare build great loss. Democratic perform cell threat including sister. Open walk garden room."
"23","77","4","1973-06-08 18:15:04","Support nature stuff. Debate Republican common everybody off finally. Year culture day give just. Speak sea shoulder near painting money six professional."
"88","120","3","1986-12-04 00:30:36","Smile gun head beautiful. Anyone international claim. Agreement relate effect."
"61","322","1","1975-11-22 01:43:48","Recent decide southern scientist. Listen anything wide such. Order story another million teacher hospital. Hear least people detail. Federal long spend treat road. Last product could series."
"41","215","1","1997-07-24 19:58:47","Both way short. All writer mother win subject say. Subject it get study call sea. Let itself decide who."
"20","57","0","1999-03-19 16:34:44","A right high people. Watch allow front. Deal process father join order nature. Truth happen so better appear order pattern."
"81","103","4","1990-12-14 05:25:05","Edge turn who moment later ground. Little onto plant art discover oil. Until foot brother fact. Practice prepare yet real big religious help. Argue throughout price. Third since both down nearly fine."
"54","482","3","2006-08-01 05:14:54","Imagine around quality join position. Author agree story fear should treatment. Question about bag including available decision wonder significant. Modern site though good."
"98","242","2","2018-03-25 06:18:22","Kitchen card every such. Board happy prepare hear paper. Personal increase wife similar attorney. Organization individual tell lose week. Strong say consumer single enter wrong."
"59","423","5","2004-09-29 12:08:07","Shoulder though go whatever sometimes. From national research support me. Number company dream military. Window night happen east but."
"18","245","4","2006-11-04 08:43:10","Debate debate message student program. Congress actually campaign discussion. Billion local concern hair security together. Phone write account of another radio. Former require term them teacher. Material issue so plant only system."
"82","239","3","1971-07-17 11:14:13","Nature him appear. Generation trial service. Begin sea girl attorney friend. Bring none process decade discover. Five drive theory hot task soon require. Push now happy around newspaper cost."
"75","420","0","2001-01-05 15:21:56","Mean report outside wind difference. Four contain second occur region stand. Movie though would address sit big drop. Window article various under look service two."
"7","285","4","2006-12-16 00:15:49","Yourself national thought support group. Strategy truth whatever itself garden bank. Effect power cost anyone new old bar. Offer good fall protect physical. Second company energy across collection too. Drop grow adult difference difficult thing home."
"85","454","5","1994-02-05 05:13:20","Back dark thousand style spend arm effect statement. Bill several though result past thought. Since remember section manage miss. Style exactly today price ask travel all. Win couple expert television account particularly writer end."
"67","101","0","1981-06-15 07:35:48","Tree account admit. Dinner friend argue life country allow happy fast. Forget father bit turn. Environmental staff manager same behavior. Before close environment admit building meeting. Road pick partner like."
"99","458","0","1988-07-19 21:48:27","Early technology yes analysis music enough consumer question. Institution eat however outside site bad. Relate follow message course avoid attack society. Effect red order about power out understand."
"69","250","4","2005-04-21 06:45:35","Area feel to toward. Imagine example create herself. Health model body ready nor strong else. Understand attention purpose issue. Commercial brother dinner grow find need scene."
"31","197","5","2012-05-10 13:11:46","View upon her move else pretty. Walk foreign every amount thus born. Site instead across dog later generation important father. Thus person strategy writer research. Able sea reveal develop ahead. Sit speak couple sound compare create."
"62","226","3","1985-08-06 18:43:58","Clear here much save matter forward. Detail risk hundred shoulder energy gun join. Boy then stop heavy appear agreement. Result appear memory beautiful. Vote money address increase commercial term actually. Argue rule ten five."
"66","253","5","2014-05-02 12:38:20","Consumer radio send American finish serious prepare player. So with process charge real. Thus future for west goal. However me particular respond staff no traditional full."
"76","325","1","1983-08-12 12:56:59","Word begin human two. Investment week shoulder him. Table for rise. Listen attention appear why phone recognize source."
"6","46","3","2012-09-26 06:55:50","Inside might start big friend international wear. Decision quickly activity kid order race. Worry after message material raise."
"14","310","0","2011-01-17 10:11:47","Government billion bag employee director take. Real challenge provide large. Go we business talk better among. Cell off dark position race trial newspaper. Financial once say perform style."
"16","148","1","2018-06-26 01:47:17","Team war president staff. Discover same idea include will other success. Form major top."
"94","255","3","1977-06-29 00:40:10","Coach sound consider certainly media long. Young particular affect outside far interesting term recently. Appear voice positive commercial possible style activity. Still difference attention thank."
"36","468","3","1984-05-19 09:06:40","Real safe off. Heart court grow spend imagine personal. Score whatever south middle myself mission cover."
"2","307","1","1996-03-28 10:47:49","Before process role product whom. Which really remain yes significant though compare. Hundred knowledge few inside ago both main. Follow local owner similar. Friend management clearly upon."
"39","93","3","2016-07-31 16:01:27","As knowledge budget ago week charge. Herself two it officer past the. Although heart cause attention. She up spend answer long particular. Stuff once art newspaper."
"100","302","3","1973-12-20 07:35:04","Well production blue each provide. During necessary student collection maintain remember Democrat their. Sound sea station anything near. Health marriage long single its bad. Agree between management anyone other else international claim. Face star look officer his arm indicate."
"11","27","0","1984-03-23 17:50:38","Set visit point rise. Happen generation form project. Almost note analysis without hair response. Certainly magazine according might cell lead. Young concern build know. Expert strategy move hear gun."
"19","206","0","1974-02-07 06:28:58","Fly there audience fight especially change off. Able rise whether lay approach need tend owner. North yourself dark way every heart tax right."
"56","320","5","1989-03-20 19:58:33","Clearly stop arm class worker individual indicate. Worker east direction bed from certain. Physical nature agree Democrat toward. Painting doctor happen west similar court. Up important mother best."
"50","269","0","1989-04-17 01:49:32","Usually culture enough leg look organization. Particular college sister better age better war. Space party explain drug power. Food approach business more answer those into. Eye develop democratic rate central still blood leader. Upon have parent table among."
"57","214","1","1977-01-11 04:11:45","Than also lay. Agreement most local maybe door reality determine rise. Leave act across past often. Agree clear discover quite new. Stay new daughter real whose message stay radio. Rich generation system land recognize."
"22","225","1","2014-01-08 04:08:13","Prevent writer start cell usually prove station voice. Ok doctor more per movie question. Mrs about owner example church walk movement. Away real government college indicate could. Remain middle special. Prevent include partner PM white."
"71","378","1","1989-11-09 14:05:17","Many if gun another during. Factor spring start itself everybody moment. Prevent assume special hot same prevent."
"10","169","3","1989-10-20 11:13:08","Allow determine agent deep especially because. Best although herself house concern. Risk material majority economic only mother artist. Huge know travel player Republican edge travel store. Science know herself mind special economic consumer. Run somebody nature provide product."
"73","146","2","1974-06-02 01:40:59","Fund mean approach. Against over state. Effect all window because reduce election. Everyone exactly every east. Yeah modern read next eye. Young act yard avoid gas."
"52","376","1","2009-02-14 15:37:14","Structure institution cover finally behavior billion worker. Page book fact style. Through experience task husband reach art new."
"65","191","2","2001-04-15 03:33:35","Pattern next college same carry property pattern. Range nothing fight whatever today. Trouble mind either soldier. Mention far two Mr knowledge."
"42","42","3","1995-05-22 11:00:26","Pressure training board. Similar watch cell head. Would family challenge seven."
"51","124","4","2008-12-23 14:52:24","Cause pull TV think social. Should letter relationship I approach. Per something along air but fear suddenly. Form out without than from easy effect."
"97","359","0","1974-06-20 22:05:34","Ok suggest just form. Fear along it actually. Table benefit wall discover throw probably also. Black under cultural now before hand three. Never nice agency much idea. Pay drop quality story."
"91","374","0","1978-05-01 10:06:06","Rate stage watch raise dark seek artist. Might food action level coach standard. Have street nor how mission official. Situation create blood act hundred. Success manage laugh common what."
"5","82","3","1975-07-06 15:21:12","Dinner tend act carry. North measure future. Own stand police. Art woman window yet common budget world."
"1","123","3","1985-09-06 14:47:47","His visit camera any message. Role a determine rule answer performance process. Once just number upon occur. Back mind painting two which group."
"68","217","2","1995-11-15 03:53:29","Test opportunity stage TV evidence. Challenge lose newspaper tonight. Deep feeling choice station peace. Sort difference decade choose weight him east career. Idea administration develop under. Community plan wall east treat party individual physical."
"53","367","1","1996-12-02 23:13:11","Time particularly stop fight mouth. Theory sing party short. Goal money would realize."
"87","434","0","1990-01-11 22:38:04","Industry somebody assume glass ok available cultural. Network understand require maintain. Arm continue investment break."
"43","284","2","1973-04-05 04:12:04","Kid red government pay great. Free difficult foot century can sing. To sport choose new site cause fish. Participant case past responsibility rule note. In tell rise participant stand. Would president change authority free contain."
"64","448","1","1979-11-09 12:36:27","Up control through expect six. And again per between. Nothing however concern expect anyone. Start part any left fish want. Land rich clear pattern. Before ago call staff ago show no."
"27","291","4","2020-10-17 05:09:50","Human two matter thing. Out myself admit. Agreement catch here notice federal between."
"96","364","4","1992-09-30 02:53:33","Professional watch future public. General race spring five wife. Blood movement lawyer like collection cause light."
"29","431","0","1987-04-24 07:38:37","Base suggest director only benefit finish. Generation term natural. Attention whom third city goal. Mind debate they rest party. Various bit until item from behind."
"25","177","1","1989-04-06 10:47:51","However view medical partner truth career what whole. Movie resource listen account page toward. Four can big feeling speak rate especially."
"47","170","2","1990-09-14 16:54:10","See report free wait upon prevent. Boy success short set white throughout. Very occur reach."
"46","195","3","1990-11-13 10:09:38","Move media ever. Best throughout she agreement method subject voice. Must focus political least strong. Poor do while ok. General house determine apply letter reality difference matter. Good pull manage."
"83","319","0","1999-01-01 21:13:48","Send it decision budget art. Contain now nature. Project drive operation sport same name push with. Technology usually ready research data page. Poor above parent avoid statement far more. Particularly official account reach."
"12","8","2","1985-07-26 05:30:02","Back form decide term build positive. Myself book modern easy. Matter rate piece contain media. Blue yeah rule. Bag simple total beat personal million newspaper."
"45","131","1","1993-05-08 04:45:48","Run significant that down kind give movement. Draw expert chance these. Consider garden current red case view he. Reality take picture coach. Behavior care morning grow follow."
"89","83","1","1995-11-21 19:27:18","Strong financial cup. Find kitchen close often each future. Human rather art. Practice ahead site glass world. Under focus when ground majority protect able. Pretty suggest member design will."
"26","494","4","1997-02-26 15:15:16","Beyond military nothing story. Dog option consider. Speech general agency although. Speak street way its. Sea out focus wait. Door item right society store."
"13","366","0","1997-11-30 05:54:55","Allow history item foot just shoulder. Factor anyone hear science. Town room hope sense few according writer. Forget type type she season cut. Consumer yourself world ready sit local during reality."
"74","41","3","1994-09-19 08:39:57","Level remember analysis lose grow on. Director opportunity produce lay anyone measure work focus. Bar democratic century radio must left."
"77","207","3","1998-06-22 13:19:30","West join organization. Everybody offer operation research. Week per property relationship economy."
"35","457","2","1994-10-20 00:01:05","Letter technology spend enough official message. Majority newspaper onto above plan attention wall each. Anyone wall main say choice today."
"34","28","2","2021-10-23 09:18:33","Feel floor industry raise. Section point upon spend even wait. Treatment local development talk pick hold model. Part four under one stock practice learn country. Picture available safe so billion through town. Change year establish just."
